{
  "name": "thandulscustomcss",
  "title": "Thandul's custom CSS",
  "description": "This is a small module that modifies CSS of core Foundry, selected systems and modules",
  "author": "Thandulfan#0087",
  "authors": [],
  "url": "https://github.com/krysztalzg/Thanduls-Custom-CSS",
  "flags": {},
  "version": "1.0.0",
  "minimumCoreVersion": "0.8.6",
  "compatibleCoreVersion": "0.8.9",
  "styles": [
    "./thandul.css"
  ],
  "packs": [],
  "dependencies": [],
  "socket": true,
  "manifest": "https://raw.githubusercontent.com/krysztalzg/Thanduls-Custom-CSS/main/thandulscustomcss/module.json",
  "download": "https://github.com/krysztalzg/Thanduls-Custom-CSS/blob/main/thandulscustomcss.zip",
  "protected": false,
  "coreTranslation": false,
  "library": false
}
